transaction_id,user_id,product_name,amount,status,transaction_date,email
1,1102,Headphones,118.37,pending,2026-02-21 23:35:19.286211,user_0@example.com
2,1435,Headphones,397.71,failed,2026-02-03 13:12:32.902145,user_1@example.com
3,1860,Chair,133.19,completed,2026-02-11 01:13:21.017821,user_2@example.com
4,1270,Laptop,956.85,completed,2026-02-09 11:54:47.257890,user_3@example.com
5,1106,Desk,800.01,cancelled,2026-02-24 21:27:38.411721,user_4@example.com
6,1071,Laptop,266.39,pending,2026-02-23 02:25:30.096008,user_5@example.com
7,1700,Mouse,592.67,cancelled,2026-03-01 13:34:14.464099,user_6@example.com
8,1020,Chair,982.51,pending,2026-02-05 09:47:50.478783,user_7@example.com
9,1614,Laptop,885.36,completed,2026-02-15 10:59:06.381232,user_8@example.com
10,1121,Keyboard,604.79,failed,2026-02-03 16:39:19.417391,user_9@example.com
11,1466,Headphones,904.69,pending,2026-02-09 08:37:14.655299,
12,1214,Mouse,989.29,completed,2026-02-17 23:03:25.931372,user_11@example.com
13,1330,Chair,745.92,cancelled,2026-02-03 14:18:26.258029,user_12@example.com
14,1458,Laptop,74.34,pending,2026-02-08 18:21:52.215188,user_13@example.com
15,1087,Desk,407.56,failed,2026-02-22 07:07:05.487333,user_14@example.com
16,1372,Keyboard,839.45,cancelled,2026-02-19 03:33:33.342332,user_15@example.com
17,1099,Keyboard,238.26,cancelled,2026-02-09 09:55:07.116937,user_16@example.com
18,1871,Laptop,832.34,unknown,2026-02-20 11:28:21.677214,user_17@example.com
19,1663,Headphones,129.14,pending,2026-02-27 01:59:28.768317,user_18@example.com
20,1130,Laptop,56.48,cancelled,2026-02-02 23:52:49.809694,user_19@example.com
21,1661,Mouse,390.25,,2026-02-26 23:23:28.525359,user_20@example.com
22,1308,Laptop,46.36,pending,2026-02-23 17:51:42.336417,user_21@example.com
23,1769,Keyboard,957.7,failed,2026-02-13 00:10:54.363423,user_22@example.com
24,1343,Chair,827.94,cancelled,2026-02-07 11:08:47.888120,
25,1491,Laptop,802.76,failed,2026-03-03 12:23:41.307768,user_24@example.com
26,1413,Headphones,633.48,completed,2026-02-12 21:32:58.085540,user_25@example.com
27,1805,Chair,224.16,failed,2026-02-05 13:58:42.250649,user_26@example.com
28,1385,Desk,523.08,pending,2026-02-05 16:50:13.873360,user_27@example.com
29,1191,Monitor,601.3,failed,2026-02-28 05:23:50.422181,user_28@example.com
30,1955,Laptop,529.78,failed,2026-02-20 21:53:02.897911,user_29@example.com
31,1276,Headphones,267.63,completed,2026-02-27 00:20:01.508935,user_30@example.com
32,1160,Chair,520.1,failed,2026-02-24 16:36:29.815718,user_31@example.com
33,1459,Headphones,496.27,failed,2026-02-18 21:17:08.237659,user_32@example.com
34,1313,Desk,996.37,cancelled,2026-03-03 23:50:41.084843,user_33@example.com
35,1021,Keyboard,898.46,,2026-02-14 03:44:46.130332,user_34@example.com
36,1252,Headphones,-78.98635445793262,pending,2026-02-19 08:40:14.340868,user_35@example.com
37,1747,Chair,626.71,unknown,2026-02-27 16:22:21.914352,user_36@example.com
38,1856,Headphones,750.39,cancelled,2026-02-21 08:32:08.222736,user_37@example.com
39,1560,Headphones,44.52,cancelled,2026-02-28 15:37:49.310214,user_38@example.com
40,1474,Headphones,895.97,cancelled,2026-02-20 02:53:41.785114,user_39@example.com
41,1058,Mouse,861.53,completed,2026-02-23 22:29:35.224077,user_40@example.com
42,1510,Mouse,-29.81001933142778,cancelled,2026-02-04 04:11:41.827043,user_41@example.com
43,1681,Keyboard,397.26,completed,2026-02-09 15:17:17.355097,user_42@example.com
44,1475,Laptop,280.23,completed,2026-02-11 11:33:38.626265,user_43@example.com
45,1699,Headphones,481.91,cancelled,2026-02-05 04:39:05.828794,user_44@example.com
46,1975,Desk,53.93,failed,2026-02-09 18:48:39.002056,user_45@example.com
47,1782,Laptop,853.67,completed,2026-02-05 19:55:20.729638,user_46@example.com
48,1189,Desk,45.07,failed,2026-02-11 03:20:32.603869,user_47@example.com
49,1957,Laptop,335.76,failed,2026-02-21 20:53:39.104141,user_48@example.com
50,1686,Keyboard,932.27,cancelled,2026-02-13 17:52:50.032498,user_49@example.com
51,1957,Headphones,737.86,pending,2026-02-13 21:43:54.091375,user_50@example.com
52,1562,Headphones,-25.289290544566178,cancelled,2026-02-09 02:02:47.248368,user_51@example.com
53,1875,Monitor,260.12,pending,2026-02-10 19:25:31.539359,user_52@example.com
54,1566,Desk,15.03,pending,2026-03-02 21:35:33.715959,user_53@example.com
55,1243,Laptop,698.76,cancelled,2026-02-22 05:47:12.743167,user_54@example.com
56,1831,Laptop,58.3,pending_review,2026-02-21 01:46:32.591297,user_55@example.com
57,1504,Mouse,537.28,pending,2026-02-07 22:25:16.400737,user_56@example.com
58,1130,Monitor,962.5,cancelled,2026-02-24 16:10:21.684895,user_57@example.com
59,1484,Chair,118.37,pending,2026-02-07 16:51:04.288439,user_58@example.com
60,1818,Chair,895.54,failed,2026-02-14 04:24:33.529644,
61,1646,Mouse,991.56,cancelled,2026-03-04 11:39:29.549458,user_60@example.com
62,1020,Mouse,70.9,failed,2026-02-22 00:00:04.402150,user_61@example.com
63,1840,Mouse,884.08,completed,2026-02-19 12:12:18.760472,user_62@example.com
64,1166,Desk,520.92,failed,2026-02-23 08:07:25.163174,
65,1273,Desk,907.45,failed,2026-02-28 02:03:17.201740,user_64@example.com
66,1387,Keyboard,-16.81297545788087,pending,2026-02-26 01:55:16.795336,user_65@example.com
67,1600,Keyboard,-43.79220356198503,failed,2026-02-09 16:06:57.627139,user_66@example.com
68,1315,Mouse,548.34,cancelled,2026-02-03 18:18:48.856807,user_67@example.com
69,1013,Monitor,865.85,pending,2026-02-12 06:19:39.325177,user_68@example.com
70,1241,Laptop,736.57,completed,2026-02-10 19:58:29.375137,user_69@example.com
71,1776,Desk,526.05,cancelled,2026-02-09 03:06:32.555184,user_70@example.com
72,1345,Monitor,869.48,completed,2026-03-03 02:05:47.004164,
73,1564,Headphones,252.83,failed,2026-03-01 02:11:09.912425,user_72@example.com
74,1897,Desk,165.77,cancelled,2026-02-12 05:46:10.091638,user_73@example.com
75,1339,Desk,168.8,cancelled,2026-02-22 11:07:02.045052,user_74@example.com
76,1091,Keyboard,340.67,completed,2026-02-14 16:03:22.912157,user_75@example.com
77,1366,Laptop,246.3,unknown,2026-03-02 05:40:32.377215,user_76@example.com
78,1955,Laptop,930.79,cancelled,2026-02-16 13:34:29.026515,user_77@example.com
79,1454,Chair,114.78,cancelled,2026-02-10 17:54:54.416171,user_78@example.com
80,1427,Chair,702.0,failed,2026-02-10 04:46:23.524551,user_79@example.com
81,1508,Chair,197.33,completed,2026-02-19 15:23:11.228359,user_80@example.com
82,1775,Chair,882.82,cancelled,2026-02-10 16:22:31.273899,user_81@example.com
83,1942,Headphones,961.7,pending,2026-02-20 08:06:11.911267,user_82@example.com
84,1034,Headphones,470.82,pending,2026-03-01 17:38:01.938906,user_83@example.com
85,1205,Desk,880.28,pending,2026-02-14 18:46:11.133932,user_84@example.com
86,1080,Mouse,15.09,pending,2026-02-09 09:06:44.432344,user_85@example.com
87,1931,Keyboard,-38.904593737235814,failed,2026-03-04 17:25:42.500643,user_86@example.com
88,1561,Keyboard,236.34,cancelled,2026-02-18 02:03:37.177817,user_87@example.com
89,1871,Chair,909.61,completed,2026-02-05 12:39:22.220962,user_88@example.com
90,1387,Desk,11.11,cancelled,2026-02-04 05:07:30.669709,user_89@example.com
91,1001,Monitor,560.62,failed,2026-02-06 02:08:55.570477,user_90@example.com
92,1389,Mouse,759.07,pending,2026-02-21 14:57:45.164702,user_91@example.com
93,1565,Desk,266.1,failed,2026-02-26 13:29:54.737037,user_92@example.com
94,1105,Mouse,201.2,cancelled,2026-02-15 11:09:23.658553,user_93@example.com
95,1771,Mouse,93.26,completed,2026-02-04 16:56:28.838954,user_94@example.com
96,1821,Mouse,333.17,failed,2026-02-14 05:58:02.215233,user_95@example.com
97,1476,Desk,564.25,completed,2026-03-04 16:24:31.642190,user_96@example.com
98,1702,Chair,124.69,failed,2026-02-18 16:09:49.407105,user_97@example.com
99,1401,Keyboard,382.93,completed,2026-03-03 22:22:40.179382,user_98@example.com
100,1729,Keyboard,18.98,completed,2026-02-28 14:57:46.012800,user_99@example.com
101,1555,Chair,820.49,pending,2026-02-03 03:28:03.833484,user_100@example.com
102,1161,Mouse,137.16,completed,2026-02-24 10:07:15.980390,user_101@example.com
103,1201,Monitor,290.51,pending,2026-02-23 06:01:58.301125,
104,1957,Laptop,28.24,cancelled,2026-02-18 21:49:12.121028,user_103@example.com
105,1995,Desk,437.92,cancelled,2026-02-10 19:18:55.916965,user_104@example.com
106,1269,Laptop,841.72,pending,2026-02-22 00:41:38.006527,user_105@example.com
107,1862,Chair,398.23,unknown,2026-02-06 03:31:08.258569,user_106@example.com
108,1815,Monitor,187.7,failed,2026-02-15 20:13:56.554342,user_107@example.com
109,1270,Desk,756.16,failed,2026-02-16 09:52:56.871413,user_108@example.com
110,1455,Chair,790.92,failed,2026-03-03 09:56:55.908743,user_109@example.com
111,1461,Mouse,182.02,cancelled,2026-03-01 01:48:55.846068,user_110@example.com
112,1726,Keyboard,773.15,failed,2026-02-10 16:50:29.444155,user_111@example.com
113,1251,Laptop,947.82,completed,2026-02-17 19:37:24.229634,user_112@example.com
114,1701,Headphones,174.71,completed,2026-02-08 03:49:50.698942,user_113@example.com
115,1295,Headphones,773.27,failed,2026-03-02 04:17:36.384190,
116,1724,Monitor,711.49,completed,2026-02-28 21:58:29.157625,user_115@example.com
117,1719,Mouse,-16.027625082274437,cancelled,2026-02-11 18:04:53.924043,user_116@example.com
118,1748,Laptop,67.34,completed,2026-02-21 23:14:42.115301,user_117@example.com
119,1337,Mouse,83.95,cancelled,2026-02-21 01:39:35.812656,user_118@example.com
120,1878,Laptop,853.89,unknown,2026-02-07 09:14:44.408689,user_119@example.com
121,1052,Monitor,990.25,pending,2026-02-25 16:12:33.018403,user_120@example.com
122,1791,Monitor,679.29,pending,2026-02-18 23:33:15.470678,user_121@example.com
123,1921,Headphones,451.5,pending,2026-02-26 03:48:44.857218,user_122@example.com
124,1216,Mouse,651.1,completed,2026-02-18 17:03:21.742938,user_123@example.com
125,1763,Desk,598.45,failed,2026-02-02 19:36:47.379372,user_124@example.com
126,1187,Headphones,389.78,completed,2026-02-12 12:35:37.524364,user_125@example.com
127,1379,Mouse,74.97,cancelled,2026-02-03 09:13:28.740872,user_126@example.com
128,1492,Headphones,823.3,completed,2026-03-02 16:09:08.637966,user_127@example.com
129,1040,Desk,378.12,completed,2026-03-01 03:52:52.131926,user_128@example.com
130,1156,Keyboard,820.6,cancelled,2026-02-27 18:00:02.076712,
131,1014,Keyboard,259.98,unknown,2026-02-12 00:36:41.637652,user_130@example.com
132,1812,Keyboard,11.02,pending,2026-02-04 12:54:27.056161,user_131@example.com
133,1064,Keyboard,167.35,pending_review,2026-03-01 03:22:05.905745,user_132@example.com
134,1856,Chair,473.85,failed,2026-03-03 05:00:17.986820,user_133@example.com
135,1838,Laptop,944.86,unknown,2026-02-05 08:52:18.772368,user_134@example.com
136,1520,Chair,111.17,cancelled,2026-02-17 09:06:52.305525,
137,1343,Chair,855.67,completed,2026-02-04 21:02:03.872478,user_136@example.com
138,1128,Chair,531.75,failed,2026-02-25 14:50:05.836955,user_137@example.com
139,1647,Keyboard,827.66,pending,2026-02-25 18:36:07.865372,user_138@example.com
140,1471,Desk,305.39,failed,2026-02-06 15:38:35.700591,user_139@example.com
141,1062,Monitor,841.55,cancelled,2026-02-17 01:24:16.948640,user_140@example.com
142,1138,Monitor,-10.75273136891714,cancelled,2026-02-19 07:03:35.938947,user_141@example.com
143,1498,Laptop,237.75,completed,2026-02-10 18:02:31.806821,user_142@example.com
144,1592,Keyboard,140.02,completed,2026-02-28 23:21:11.467101,
145,1391,Keyboard,869.37,cancelled,2026-02-15 11:51:38.565609,user_144@example.com
146,1674,Keyboard,963.6,pending,2026-02-09 03:41:45.973114,
147,1418,Headphones,40.99,pending,2026-02-18 23:29:40.486724,user_146@example.com
148,1288,Mouse,733.96,failed,2026-02-24 16:45:06.355689,user_147@example.com
149,1378,Headphones,910.43,cancelled,2026-02-08 20:01:48.580914,user_148@example.com
150,1772,Mouse,858.79,cancelled,2026-02-12 03:38:13.651660,user_149@example.com
151,1489,Keyboard,964.88,pending,2026-03-04 15:42:32.157073,user_150@example.com
152,1230,Keyboard,762.49,pending,2026-02-22 07:06:48.950009,
153,1040,Headphones,447.88,cancelled,2026-02-15 22:38:00.442114,user_152@example.com
154,1027,Headphones,318.83,completed,2026-02-18 07:51:21.604572,user_153@example.com
155,1134,Mouse,327.54,cancelled,2026-02-06 10:19:27.900299,user_154@example.com
156,1200,Monitor,727.18,cancelled,2026-02-09 12:59:00.522194,user_155@example.com
157,1839,Mouse,748.38,pending,2026-02-12 22:37:22.801694,user_156@example.com
158,1779,Headphones,208.36,pending,2026-02-20 10:47:01.222849,
159,1929,Desk,869.44,completed,2026-02-09 16:53:02.411498,user_158@example.com
160,1032,Headphones,717.77,completed,2026-02-09 09:45:28.485106,user_159@example.com
161,1047,Desk,567.12,failed,2026-02-04 22:18:59.103543,user_160@example.com
162,1502,Laptop,476.82,cancelled,2026-02-21 17:35:43.889852,user_161@example.com
163,1406,Headphones,547.8,pending,2026-02-09 16:02:22.128247,user_162@example.com
164,1573,Laptop,167.65,completed,2026-03-01 23:06:13.698320,user_163@example.com
165,1727,Monitor,211.66,pending_review,2026-02-28 14:08:19.982066,user_164@example.com
166,1804,Mouse,100.25,failed,2026-02-04 22:13:07.275519,user_165@example.com
167,1098,Desk,162.12,pending,2026-02-09 22:33:53.036892,user_166@example.com
168,1683,Mouse,459.16,pending,2026-02-22 20:51:55.425952,user_167@example.com
169,1871,Laptop,535.05,failed,2026-02-09 05:27:06.829312,user_168@example.com
170,1725,Desk,27.68,completed,2026-02-06 18:27:57.336503,user_169@example.com
171,1986,Mouse,798.83,failed,2026-03-02 20:46:17.936193,user_170@example.com
172,1546,Headphones,301.23,,2026-02-19 22:21:08.722507,user_171@example.com
173,1960,Keyboard,912.72,cancelled,2026-02-16 23:31:28.324808,user_172@example.com
174,1738,Laptop,967.84,,2026-02-26 08:07:38.572370,user_173@example.com
175,1612,Mouse,193.6,completed,2026-02-27 00:35:57.242819,user_174@example.com
176,1942,Laptop,467.48,completed,2026-02-08 12:17:47.522634,user_175@example.com
177,1461,Chair,11.22,cancelled,2026-02-05 16:59:29.695089,user_176@example.com
178,1642,Laptop,602.34,failed,2026-02-15 17:33:29.689405,user_177@example.com
179,1768,Desk,611.23,pending,2026-02-15 12:10:40.815476,user_178@example.com
180,1004,Chair,255.06,failed,2026-02-16 19:27:32.964159,user_179@example.com
181,1217,Desk,562.83,failed,2026-02-24 16:08:09.626408,user_180@example.com
182,1502,Keyboard,233.28,failed,2026-02-23 00:01:25.931192,user_181@example.com
183,1766,Chair,169.22,completed,2026-03-04 07:48:01.252469,user_182@example.com
184,1397,Headphones,-97.1259230845683,cancelled,2026-02-05 18:03:44.146634,user_183@example.com
185,1870,Laptop,332.67,completed,2026-02-14 21:05:19.387817,user_184@example.com
186,1794,Mouse,594.36,cancelled,2026-02-12 23:29:57.377792,
187,1392,Monitor,438.91,pending,2026-02-28 15:36:20.238834,user_186@example.com
188,1206,Laptop,984.51,pending,2026-02-10 06:14:02.242129,user_187@example.com
189,1014,Laptop,158.08,failed,2026-02-08 12:09:06.515287,user_188@example.com
190,1857,Keyboard,469.95,cancelled,2026-02-16 06:12:11.340591,user_189@example.com
191,1553,Headphones,683.65,cancelled,2026-02-15 10:57:22.235059,user_190@example.com
192,1891,Monitor,401.59,cancelled,2026-02-11 03:45:14.039585,user_191@example.com
193,1460,Chair,974.95,failed,2026-02-10 07:03:43.337518,user_192@example.com
194,1690,Chair,724.67,failed,2026-03-02 11:57:09.457931,user_193@example.com
195,1574,Chair,660.41,pending,2026-02-16 02:15:19.915787,user_194@example.com
196,1863,Desk,759.49,,2026-02-28 15:22:21.904151,user_195@example.com
197,1742,Desk,953.12,cancelled,2026-02-19 07:26:08.234478,user_196@example.com
198,1240,Mouse,908.74,cancelled,2026-02-04 07:37:29.974736,user_197@example.com
199,1563,Monitor,727.04,completed,2026-03-04 18:41:05.182734,user_198@example.com
200,1095,Chair,751.67,unknown,2026-02-27 21:08:28.525135,user_199@example.com
201,1899,Desk,-70.40417260417198,failed,2026-03-03 20:52:43.323490,user_200@example.com
202,1733,Mouse,111.76,failed,2026-03-02 14:11:08.244565,user_201@example.com
203,1484,Headphones,575.2,cancelled,2026-02-28 06:15:44.368210,user_202@example.com
204,1406,Mouse,28.18,failed,2026-02-07 18:56:43.423293,user_203@example.com
205,1230,Desk,487.53,failed,2026-02-17 08:51:46.821776,user_204@example.com
206,1748,Keyboard,218.25,cancelled,2026-02-09 05:05:58.024132,user_205@example.com
207,1654,Keyboard,352.56,pending,2026-02-14 19:57:01.462896,user_206@example.com
208,1170,Chair,778.05,completed,2026-02-04 13:25:07.981336,user_207@example.com
209,1540,Keyboard,941.83,failed,2026-02-14 04:03:43.348996,user_208@example.com
210,1035,Chair,81.69,pending,2026-03-04 08:37:25.547685,user_209@example.com
211,1524,Chair,538.9,failed,2026-02-10 18:08:51.351390,
212,1159,Desk,883.71,failed,2026-02-26 07:43:56.024859,user_211@example.com
213,1838,Keyboard,91.68,completed,2026-02-16 10:48:26.712751,user_212@example.com
214,1698,Chair,826.27,failed,2026-02-15 11:46:00.428295,user_213@example.com
215,1242,Monitor,364.22,completed,2026-03-03 12:28:12.349716,user_214@example.com
216,1085,Headphones,328.87,completed,2026-03-04 15:54:20.635773,user_215@example.com
217,1795,Mouse,977.69,completed,2026-02-19 11:21:16.518875,user_216@example.com
218,1577,Mouse,208.85,pending,2026-02-24 08:27:19.274176,user_217@example.com
219,1681,Desk,696.26,cancelled,2026-02-07 10:39:18.395718,user_218@example.com
220,1556,Keyboard,823.23,unknown,2026-02-11 16:49:51.708290,user_219@example.com
221,1573,Keyboard,50.77,cancelled,2026-03-03 20:40:19.698608,user_220@example.com
222,1952,Chair,-53.559043136177245,cancelled,2026-02-20 04:12:40.338404,user_221@example.com
223,1645,Laptop,952.03,completed,2026-02-19 01:34:54.986570,user_222@example.com
224,1795,Chair,-76.80278684791784,failed,2026-02-25 05:44:37.677111,user_223@example.com
225,1027,Headphones,897.26,completed,2026-02-04 12:21:37.411984,user_224@example.com
226,1619,Monitor,598.83,failed,2026-02-20 07:48:33.349446,user_225@example.com
227,1555,Mouse,620.44,cancelled,2026-02-17 21:15:13.217135,user_226@example.com
228,1339,Chair,616.81,completed,2026-02-28 09:09:34.984797,user_227@example.com
229,1797,Laptop,305.85,failed,2026-02-07 12:33:10.655427,user_228@example.com
230,1957,Laptop,935.85,pending,2026-03-03 14:57:43.941895,user_229@example.com
231,1330,Chair,-43.52799463835957,failed,2026-02-05 04:52:53.942512,user_230@example.com
232,1639,Desk,629.05,unknown,2026-02-08 08:59:43.323470,user_231@example.com
233,1505,Mouse,785.59,pending,2026-02-20 15:37:36.020526,user_232@example.com
234,1347,Desk,-44.90434809252381,failed,2026-02-23 01:21:15.963550,user_233@example.com
235,1472,Monitor,489.55,failed,2026-02-09 20:32:53.520450,user_234@example.com
236,1230,Laptop,664.21,failed,2026-02-06 09:31:11.127959,user_235@example.com
237,1189,Laptop,557.47,failed,2026-03-01 12:12:29.742832,user_236@example.com
238,1224,Headphones,601.5,failed,2026-02-10 04:28:35.206076,
239,1384,Monitor,785.99,pending,2026-02-20 15:15:18.670567,user_238@example.com
240,1376,Laptop,486.09,cancelled,2026-02-21 09:09:21.899389,user_239@example.com
241,1282,Monitor,50.35,pending,2026-02-15 09:02:36.005159,user_240@example.com
242,1957,Mouse,172.36,pending,2026-02-20 07:26:43.598451,user_241@example.com
243,1632,Keyboard,444.22,pending,2026-02-18 11:36:17.823267,
244,1627,Laptop,727.58,cancelled,2026-03-02 20:11:23.644661,user_243@example.com
245,1972,Headphones,597.35,completed,2026-02-08 22:16:04.869514,user_244@example.com
246,1744,Mouse,-43.261677948409584,cancelled,2026-02-24 06:51:34.172254,user_245@example.com
247,1258,Chair,484.49,pending,2026-02-09 23:03:19.013788,user_246@example.com
248,1358,Monitor,619.58,failed,2026-02-14 16:10:01.939491,user_247@example.com
249,1709,Chair,335.73,failed,2026-02-22 22:49:06.082520,user_248@example.com
250,1455,Desk,475.48,pending,2026-02-11 19:11:57.455446,
251,1410,Mouse,746.84,failed,2026-02-12 06:50:56.317345,user_250@example.com
252,1648,Chair,873.11,pending,2026-02-25 08:32:37.788946,user_251@example.com
253,1317,Laptop,-90.0215131546009,failed,2026-02-04 23:25:56.777374,user_252@example.com
254,1676,Monitor,53.23,cancelled,2026-02-16 13:10:01.099235,user_253@example.com
255,1224,Keyboard,170.06,completed,2026-03-04 18:05:18.935303,user_254@example.com
256,1818,Mouse,30.65,completed,2026-03-04 16:23:27.017448,user_255@example.com
257,1233,Laptop,-41.54684808575456,cancelled,2026-02-04 23:56:56.813698,user_256@example.com
258,1683,Headphones,338.99,cancelled,2026-02-09 04:40:21.002004,user_257@example.com
259,1663,Desk,-59.357724669420634,pending,2026-02-10 18:08:44.499641,user_258@example.com
260,1974,Monitor,498.34,pending,2026-03-02 19:08:53.332368,user_259@example.com
261,1826,Mouse,-77.49800186068637,pending,2026-03-01 05:25:24.962803,user_260@example.com
262,1373,Mouse,409.23,failed,2026-03-01 04:16:33.493128,user_261@example.com
263,1671,Keyboard,228.36,pending,2026-02-13 21:15:39.238619,user_262@example.com
264,1607,Keyboard,424.22,pending_review,2026-02-07 12:46:44.814078,user_263@example.com
265,1471,Headphones,211.54,completed,2026-02-27 19:29:51.947034,user_264@example.com
266,1232,Desk,842.05,failed,2026-02-23 21:45:00.510434,user_265@example.com
267,1691,Headphones,182.45,pending,2026-02-21 03:36:33.793370,user_266@example.com
268,1112,Laptop,961.17,pending_review,2026-03-04 10:00:33.125541,user_267@example.com
269,1829,Laptop,-78.28437890475287,failed,2026-02-22 10:03:51.640114,user_268@example.com
270,1496,Headphones,847.78,pending,2026-02-03 00:50:02.518346,user_269@example.com
271,1441,Desk,632.48,failed,2026-02-27 07:30:58.942827,user_270@example.com
272,1563,Headphones,738.0,completed,2026-02-11 18:45:14.750310,user_271@example.com
273,1267,Desk,770.05,cancelled,2026-02-22 16:50:28.573800,user_272@example.com
274,1509,Desk,509.8,cancelled,2026-03-02 23:13:51.594787,user_273@example.com
275,1806,Chair,547.87,pending_review,2026-02-06 19:53:27.593116,user_274@example.com
276,1385,Monitor,518.86,failed,2026-02-06 06:18:36.138334,user_275@example.com
277,1386,Desk,592.18,pending,2026-02-06 00:16:02.278831,user_276@example.com
278,1112,Keyboard,39.1,failed,2026-02-19 09:31:20.701781,user_277@example.com
279,1612,Desk,401.56,completed,2026-02-10 23:17:31.590928,user_278@example.com
280,1624,Desk,610.13,failed,2026-02-20 22:40:43.936270,user_279@example.com
281,1951,Desk,601.75,cancelled,2026-02-24 07:52:55.813672,user_280@example.com
282,1080,Chair,795.03,failed,2026-02-08 21:47:29.258161,user_281@example.com
283,1698,Chair,658.46,completed,2026-02-21 19:51:09.814038,user_282@example.com
284,1112,Laptop,992.21,cancelled,2026-02-10 17:16:11.297634,user_283@example.com
285,1001,Chair,291.02,failed,2026-02-17 10:56:39.585379,user_284@example.com
286,1641,Keyboard,365.56,failed,2026-03-01 23:02:37.209486,user_285@example.com
287,1219,Keyboard,390.01,cancelled,2026-02-28 04:23:45.849468,user_286@example.com
288,1565,Chair,471.15,,2026-02-05 13:39:22.652919,user_287@example.com
289,1854,Headphones,837.64,cancelled,2026-02-15 12:10:33.427093,user_288@example.com
290,1996,Monitor,243.43,pending,2026-02-11 02:24:40.165144,user_289@example.com
291,1735,Chair,778.24,completed,2026-02-02 21:45:15.450724,user_290@example.com
292,1224,Desk,411.26,completed,2026-02-25 22:24:26.050675,user_291@example.com
293,1384,Mouse,605.84,cancelled,2026-02-21 21:55:22.898573,user_292@example.com
294,1402,Monitor,636.22,cancelled,2026-02-10 15:48:33.064838,user_293@example.com
295,1637,Monitor,379.12,completed,2026-02-25 00:53:15.539046,user_294@example.com
296,1129,Keyboard,-15.981699319864491,pending,2026-02-19 08:24:40.676168,user_295@example.com
297,1052,Monitor,-91.74056398302906,completed,2026-02-15 15:08:09.518606,user_296@example.com
298,1683,Chair,78.44,cancelled,2026-02-03 02:09:48.885993,user_297@example.com
299,1729,Desk,-16.184230995156486,completed,2026-02-05 01:22:37.109919,user_298@example.com
300,1671,Desk,106.42,cancelled,2026-03-01 07:02:16.796042,user_299@example.com
301,1709,Laptop,410.97,cancelled,2026-03-01 22:01:47.882091,user_300@example.com
302,1415,Desk,596.99,completed,2026-02-19 04:01:35.054229,user_301@example.com
303,1246,Desk,583.62,pending,2026-02-27 20:06:35.316153,user_302@example.com
304,1835,Keyboard,666.0,failed,2026-02-20 06:36:29.820950,user_303@example.com
305,1438,Desk,104.31,pending_review,2026-02-07 05:49:44.116799,user_304@example.com
306,1202,Laptop,655.6,failed,2026-02-06 14:57:43.810587,user_305@example.com
307,1183,Mouse,319.03,completed,2026-02-12 01:08:50.667627,user_306@example.com
308,1122,Chair,405.06,failed,2026-03-01 18:28:05.043429,user_307@example.com
309,1400,Keyboard,859.41,pending,2026-02-26 16:24:34.038878,
310,1766,Mouse,18.94,pending,2026-02-28 14:54:26.117154,user_309@example.com
311,1293,Keyboard,592.53,completed,2026-03-01 18:25:37.682485,user_310@example.com
312,1279,Headphones,602.73,cancelled,2026-02-09 02:27:23.411985,user_311@example.com
313,1836,Monitor,402.69,failed,2026-02-10 06:51:46.108674,user_312@example.com
314,1883,Headphones,244.66,cancelled,2026-02-05 21:12:46.091981,user_313@example.com
315,1609,Desk,242.33,cancelled,2026-02-26 04:53:06.323539,user_314@example.com
316,1197,Mouse,-75.04639770149242,cancelled,2026-03-01 07:46:42.170769,user_315@example.com
317,1981,Desk,447.6,pending,2026-02-14 23:47:35.219053,user_316@example.com
318,1906,Monitor,337.58,completed,2026-02-21 10:04:39.658919,user_317@example.com
319,1510,Keyboard,454.29,completed,2026-02-07 10:28:47.277565,user_318@example.com
320,1751,Monitor,672.7,pending,2026-03-02 16:42:56.617286,user_319@example.com
321,1143,Laptop,154.3,pending,2026-02-28 17:43:02.989210,user_320@example.com
322,1608,Monitor,454.94,completed,2026-03-04 02:04:11.061965,user_321@example.com
323,1200,Laptop,592.01,cancelled,2026-02-27 02:57:25.322694,user_322@example.com
324,1123,Monitor,949.1,failed,2026-03-01 05:49:15.827095,user_323@example.com
325,1186,Chair,260.0,failed,2026-02-03 13:02:51.274648,user_324@example.com
326,1325,Laptop,365.66,failed,2026-02-24 21:31:40.135397,user_325@example.com
327,1463,Mouse,385.57,cancelled,2026-02-12 18:22:29.757525,user_326@example.com
328,1348,Desk,609.48,completed,2026-03-02 17:23:19.801245,user_327@example.com
329,1770,Desk,363.16,pending,2026-02-26 20:48:38.504733,user_328@example.com
330,1659,Headphones,538.18,completed,2026-02-28 17:19:38.986157,
331,1763,Desk,783.97,cancelled,2026-02-27 02:56:27.253169,user_330@example.com
332,1954,Keyboard,708.33,pending,2026-02-10 19:18:05.423877,user_331@example.com
333,1931,Chair,451.9,cancelled,2026-02-26 10:06:39.752287,user_332@example.com
334,1402,Monitor,865.57,failed,2026-02-06 01:01:48.888244,user_333@example.com
335,1345,Headphones,562.56,failed,2026-02-28 23:09:41.325901,user_334@example.com
336,1962,Keyboard,544.51,cancelled,2026-02-28 13:23:18.732076,user_335@example.com
337,1510,Keyboard,43.85,pending,2026-02-09 11:21:13.220486,user_336@example.com
338,1146,Laptop,-45.04644450809877,pending,2026-02-27 07:08:37.506315,user_337@example.com
339,1147,Desk,131.74,completed,2026-02-16 14:37:11.008896,user_338@example.com
340,1863,Mouse,238.82,failed,2026-02-11 22:56:19.752750,user_339@example.com
341,1710,Mouse,61.18,completed,2026-02-26 15:51:00.558412,
342,1819,Headphones,643.6,completed,2026-02-09 15:04:12.527969,user_341@example.com
343,1488,Chair,232.45,cancelled,2026-02-03 12:14:23.239354,user_342@example.com
344,1928,Mouse,188.21,cancelled,2026-02-08 14:15:17.435953,
345,1935,Monitor,-26.509797676309105,completed,2026-02-12 15:33:00.002112,user_344@example.com
346,1639,Mouse,112.28,failed,2026-02-28 17:32:07.850351,user_345@example.com
347,1550,Headphones,-28.312546824783624,cancelled,2026-03-03 19:21:41.582301,user_346@example.com
348,1337,Mouse,691.33,completed,2026-02-11 04:10:17.005743,user_347@example.com
349,1871,Monitor,403.41,completed,2026-02-22 01:04:05.691079,user_348@example.com
350,1640,Laptop,485.1,completed,2026-02-14 18:58:11.396869,user_349@example.com
351,1778,Chair,-62.53422289582276,completed,2026-03-04 05:37:45.013826,user_350@example.com
352,1987,Headphones,27.21,completed,2026-02-18 21:16:36.203193,user_351@example.com
353,1952,Laptop,329.9,completed,2026-03-02 23:27:07.692330,
354,1472,Laptop,973.37,cancelled,2026-02-06 06:14:50.845407,user_353@example.com
355,1945,Laptop,584.31,failed,2026-03-03 21:53:23.408378,user_354@example.com
356,1150,Keyboard,261.68,completed,2026-02-08 03:46:12.804127,user_355@example.com
357,1414,Chair,526.51,pending,2026-03-03 16:13:33.971062,user_356@example.com
358,1989,Desk,349.23,cancelled,2026-02-10 18:20:13.836268,
359,1297,Chair,536.92,cancelled,2026-02-06 01:15:04.426989,user_358@example.com
360,1610,Keyboard,134.48,completed,2026-02-15 20:05:14.286808,user_359@example.com
361,1262,Desk,141.39,cancelled,2026-02-24 15:45:13.821820,user_360@example.com
362,1763,Chair,152.11,completed,2026-02-12 05:02:56.623001,user_361@example.com
363,1143,Laptop,940.42,,2026-02-20 23:40:18.372378,user_362@example.com
364,1345,Headphones,735.57,failed,2026-02-18 03:25:33.595271,user_363@example.com
365,1623,Desk,170.76,cancelled,2026-02-14 08:32:31.587838,user_364@example.com
366,1571,Monitor,196.47,cancelled,2026-02-20 02:20:41.233351,user_365@example.com
367,1880,Monitor,733.52,pending,2026-02-10 10:36:05.760519,user_366@example.com
368,1001,Mouse,164.6,cancelled,2026-02-24 01:31:36.480306,user_367@example.com
369,1896,Desk,242.22,pending,2026-02-02 20:25:08.817751,user_368@example.com
370,1303,Headphones,963.71,failed,2026-03-02 13:36:55.853582,user_369@example.com
371,1253,Keyboard,262.75,failed,2026-02-18 22:53:12.601073,user_370@example.com
372,1651,Laptop,665.02,completed,2026-02-24 09:11:27.582391,user_371@example.com
373,1452,Mouse,978.84,failed,2026-02-25 01:24:19.626368,user_372@example.com
374,1036,Monitor,380.55,pending,2026-02-22 22:03:14.108098,user_373@example.com
375,1159,Keyboard,-40.02655562531791,cancelled,2026-02-13 17:26:27.079465,user_374@example.com
376,1008,Keyboard,251.71,completed,2026-02-04 21:34:57.143047,user_375@example.com
377,1232,Laptop,832.57,pending,2026-02-22 17:27:09.103898,user_376@example.com
378,1098,Desk,865.96,cancelled,2026-02-12 16:56:43.518030,user_377@example.com
379,1658,Monitor,770.83,completed,2026-02-12 05:13:14.376599,user_378@example.com
380,1815,Headphones,121.98,failed,2026-02-28 05:46:20.629088,user_379@example.com
381,1207,Keyboard,797.56,pending,2026-02-24 09:25:28.074340,user_380@example.com
382,1130,Laptop,919.49,cancelled,2026-02-11 19:26:00.343812,user_381@example.com
383,1403,Headphones,604.6,completed,2026-02-12 01:53:10.869053,user_382@example.com
384,1151,Desk,941.47,completed,2026-02-15 01:14:39.443749,user_383@example.com
385,1053,Monitor,828.57,failed,2026-02-14 20:55:46.827862,
386,1119,Desk,670.3,cancelled,2026-02-11 16:04:23.309555,user_385@example.com
387,1672,Keyboard,581.41,failed,2026-02-06 14:50:54.999769,user_386@example.com
388,1919,Headphones,355.09,failed,2026-02-15 09:55:21.921747,user_387@example.com
389,1627,Headphones,167.69,cancelled,2026-03-03 00:15:47.659141,user_388@example.com
390,1586,Headphones,608.9,cancelled,2026-02-23 02:52:13.138755,user_389@example.com
391,1624,Keyboard,324.93,cancelled,2026-03-01 21:13:16.999147,user_390@example.com
392,1967,Keyboard,867.77,pending,2026-02-21 06:22:19.686754,user_391@example.com
393,1419,Desk,993.4,cancelled,2026-02-11 19:53:07.099482,user_392@example.com
394,1421,Mouse,754.9,completed,2026-02-19 05:42:58.281056,user_393@example.com
395,1103,Desk,99.58,failed,2026-02-02 19:29:37.220303,user_394@example.com
396,1851,Monitor,295.8,pending_review,2026-02-11 09:46:45.378732,user_395@example.com
397,1253,Laptop,118.02,cancelled,2026-02-15 16:43:15.109382,user_396@example.com
398,1226,Headphones,654.01,pending,2026-02-20 04:47:25.577467,user_397@example.com
399,1111,Mouse,767.54,cancelled,2026-02-22 10:35:22.001246,user_398@example.com
400,1509,Laptop,926.42,pending,2026-02-16 17:59:34.413728,user_399@example.com
401,1472,Mouse,443.79,failed,2026-02-16 01:33:23.224406,user_400@example.com
402,1098,Chair,902.36,failed,2026-02-09 05:03:59.055972,user_401@example.com
403,1152,Desk,879.11,completed,2026-02-16 23:53:43.618485,user_402@example.com
404,1860,Keyboard,324.02,completed,2026-03-01 20:03:05.725155,user_403@example.com
405,1913,Headphones,870.21,cancelled,2026-02-26 16:20:21.202857,user_404@example.com
406,1895,Desk,381.92,failed,2026-02-07 21:22:45.123553,user_405@example.com
407,1877,Laptop,303.9,pending,2026-02-05 08:15:15.055800,user_406@example.com
408,1337,Chair,652.58,pending,2026-02-18 06:19:36.634308,user_407@example.com
409,1705,Chair,335.1,pending,2026-02-21 18:55:07.722753,user_408@example.com
410,1821,Chair,-82.27018647620534,completed,2026-02-12 20:32:12.982630,user_409@example.com
411,1162,Laptop,613.73,pending,2026-02-27 08:27:58.644687,user_410@example.com
412,1719,Laptop,567.8,completed,2026-02-25 08:01:15.077114,user_411@example.com
413,1956,Laptop,386.62,,2026-02-22 23:36:51.402692,user_412@example.com
414,1680,Laptop,553.01,cancelled,2026-02-09 12:56:33.630873,user_413@example.com
415,1995,Chair,600.52,pending,2026-02-08 18:34:29.810235,
416,1160,Chair,-51.781466776530245,pending,2026-02-03 12:47:15.629596,user_415@example.com
417,1579,Mouse,449.98,unknown,2026-02-10 03:29:16.898859,user_416@example.com
418,1800,Desk,24.52,cancelled,2026-02-17 01:17:58.428823,user_417@example.com
419,1397,Headphones,591.19,failed,2026-02-28 07:00:45.129075,user_418@example.com
420,1276,Keyboard,176.76,cancelled,2026-02-04 23:38:15.794654,user_419@example.com
421,1815,Chair,646.15,pending,2026-02-15 05:35:56.125114,user_420@example.com
422,1915,Keyboard,761.75,completed,2026-02-21 16:37:56.891480,user_421@example.com
423,1503,Desk,505.44,completed,2026-02-08 15:11:41.158237,user_422@example.com
424,1895,Desk,546.94,pending_review,2026-02-23 16:34:35.241879,user_423@example.com
425,1391,Keyboard,951.96,completed,2026-02-17 15:09:10.646683,
426,1134,Chair,848.7,completed,2026-02-10 02:52:12.691995,user_425@example.com
427,1194,Keyboard,915.09,failed,2026-02-22 11:33:47.389410,user_426@example.com
428,1400,Mouse,815.63,cancelled,2026-02-02 23:11:37.193222,user_427@example.com
429,1639,Monitor,117.83,pending,2026-02-25 07:53:44.948003,
430,1032,Chair,157.5,failed,2026-02-25 21:38:04.745392,user_429@example.com
431,1687,Chair,531.36,cancelled,2026-02-05 23:56:39.297301,user_430@example.com
432,1459,Headphones,253.61,completed,2026-02-15 13:18:23.959308,user_431@example.com
433,1954,Laptop,481.93,cancelled,2026-02-08 01:50:23.303591,user_432@example.com
434,1882,Monitor,400.42,cancelled,2026-03-03 12:56:13.006197,user_433@example.com
435,1469,Desk,553.92,completed,2026-02-18 08:07:51.513758,user_434@example.com
436,1374,Chair,749.41,completed,2026-02-04 07:21:31.078893,user_435@example.com
437,1021,Keyboard,718.34,completed,2026-02-10 06:37:26.965487,user_436@example.com
438,1749,Monitor,526.02,pending,2026-02-28 06:00:12.836944,user_437@example.com
439,1669,Headphones,824.17,completed,2026-02-16 11:51:14.076227,user_438@example.com
440,1037,Desk,436.55,pending,2026-02-26 20:13:16.856272,
441,1229,Laptop,897.75,completed,2026-02-22 19:51:26.507472,user_440@example.com
442,1364,Laptop,80.57,pending,2026-03-04 10:29:02.262956,
443,1562,Headphones,955.11,cancelled,2026-02-20 15:55:37.434081,user_442@example.com
444,1437,Headphones,658.15,failed,2026-03-03 07:13:47.689693,user_443@example.com
445,1775,Keyboard,-80.37639794421632,cancelled,2026-03-01 13:01:41.024309,user_444@example.com
446,1282,Chair,205.18,cancelled,2026-02-21 04:18:39.845206,user_445@example.com
447,1026,Laptop,484.39,completed,2026-02-24 09:04:43.132235,
448,1225,Desk,202.61,pending_review,2026-02-17 22:38:30.027833,user_447@example.com
449,1276,Monitor,174.67,unknown,2026-02-27 17:12:40.312526,user_448@example.com
450,1797,Desk,621.18,completed,2026-02-19 05:40:09.120591,user_449@example.com
451,1608,Mouse,527.85,completed,2026-03-01 17:11:28.428189,user_450@example.com
452,1283,Mouse,673.4,completed,2026-02-25 02:37:59.930686,user_451@example.com
453,1878,Headphones,930.31,cancelled,2026-02-17 00:58:01.164853,user_452@example.com
454,1959,Keyboard,536.94,pending,2026-02-10 13:49:09.518229,
455,1480,Mouse,585.12,pending,2026-02-10 05:12:50.424233,user_454@example.com
456,1452,Laptop,98.73,failed,2026-02-21 22:19:03.468732,user_455@example.com
457,1828,Desk,720.46,pending,2026-02-25 18:35:14.094306,user_456@example.com
458,1815,Desk,405.91,pending_review,2026-02-18 10:32:14.139458,user_457@example.com
459,1658,Headphones,976.96,completed,2026-02-21 14:27:36.973265,user_458@example.com
460,1515,Chair,824.94,completed,2026-02-11 00:54:41.607018,user_459@example.com
461,1546,Chair,527.26,cancelled,2026-02-05 02:59:21.877825,user_460@example.com
462,1191,Monitor,131.99,completed,2026-02-11 08:55:32.391645,user_461@example.com
463,1048,Headphones,860.82,completed,2026-02-10 22:50:10.582165,user_462@example.com
464,1511,Monitor,801.78,completed,2026-02-12 09:23:32.225949,user_463@example.com
465,1016,Chair,192.74,completed,2026-02-19 00:06:39.585376,user_464@example.com
466,1171,Headphones,302.33,cancelled,2026-02-06 22:49:50.592058,user_465@example.com
467,1219,Headphones,795.47,pending_review,2026-02-09 17:42:34.780063,user_466@example.com
468,1157,Headphones,193.38,failed,2026-02-23 14:50:42.938087,user_467@example.com
469,1476,Chair,-53.65851939815862,failed,2026-02-23 23:49:23.439880,user_468@example.com
470,1045,Monitor,430.28,unknown,2026-02-04 17:26:46.205658,user_469@example.com
471,1372,Monitor,96.17,failed,2026-02-15 00:40:22.590784,user_470@example.com
472,1517,Headphones,-69.10565362494472,completed,2026-02-19 01:52:53.100794,user_471@example.com
473,1098,Mouse,379.77,pending_review,2026-02-15 06:33:31.839403,user_472@example.com
474,1891,Keyboard,531.23,completed,2026-02-09 00:07:19.762229,
475,1744,Chair,121.18,cancelled,2026-02-15 09:42:17.022677,user_474@example.com
476,1036,Keyboard,-69.55158595598708,failed,2026-03-01 22:41:06.360466,user_475@example.com
477,1279,Keyboard,641.61,pending,2026-02-20 07:44:18.866225,user_476@example.com
478,1348,Monitor,520.02,failed,2026-02-23 15:58:40.605611,user_477@example.com
479,1496,Monitor,597.6,failed,2026-02-28 12:02:54.452340,user_478@example.com
480,1301,Mouse,-89.43038890951125,completed,2026-02-25 18:25:46.165906,user_479@example.com
481,1180,Keyboard,650.14,failed,2026-02-14 05:04:32.651589,user_480@example.com
482,1606,Keyboard,183.03,pending,2026-02-02 23:26:47.673258,user_481@example.com
483,1098,Headphones,367.16,completed,2026-02-13 08:28:03.841133,user_482@example.com
484,1699,Monitor,906.83,completed,2026-02-25 09:42:12.548762,user_483@example.com
485,1992,Keyboard,772.25,pending_review,2026-02-28 09:41:02.112483,user_484@example.com
486,1115,Desk,561.07,cancelled,2026-03-03 09:40:16.461923,user_485@example.com
487,1190,Mouse,-49.012500948007094,failed,2026-02-15 08:53:48.189184,user_486@example.com
488,1252,Desk,309.04,cancelled,2026-02-25 05:24:45.638599,user_487@example.com
489,1980,Desk,734.64,cancelled,2026-02-19 04:24:59.971438,user_488@example.com
490,1927,Chair,852.66,cancelled,2026-02-20 21:32:35.735144,user_489@example.com
491,1982,Chair,674.71,completed,2026-02-09 09:59:21.320295,user_490@example.com
492,1160,Mouse,811.43,completed,2026-02-09 09:11:05.901547,user_491@example.com
493,1255,Desk,768.99,completed,2026-02-15 21:00:11.874521,user_492@example.com
494,1322,Keyboard,158.21,cancelled,2026-02-03 16:05:57.357910,user_493@example.com
495,1127,Monitor,429.71,completed,2026-02-12 21:12:52.801874,user_494@example.com
496,1017,Mouse,161.45,cancelled,2026-02-23 04:11:00.790601,user_495@example.com
497,1792,Headphones,242.88,completed,2026-02-14 22:18:33.831013,user_496@example.com
498,1734,Desk,-60.315335645194196,completed,2026-02-07 18:02:00.967887,user_497@example.com
499,1565,Mouse,478.16,pending,2026-02-16 19:43:20.291418,user_498@example.com
500,1569,Laptop,540.0,failed,2026-02-06 15:05:36.275161,
501,1322,Laptop,186.66,cancelled,2026-02-21 11:13:35.067453,user_500@example.com
502,1871,Chair,319.15,pending,2026-02-03 14:37:02.067946,user_501@example.com
503,1685,Monitor,237.94,pending_review,2026-02-14 14:53:45.529041,user_502@example.com
504,1791,Keyboard,214.12,cancelled,2026-02-19 17:33:49.044608,user_503@example.com
505,1625,Monitor,641.58,completed,2026-02-03 14:42:53.528722,user_504@example.com
506,1287,Monitor,264.32,failed,2026-02-22 01:58:52.112248,user_505@example.com
507,1942,Monitor,635.7,pending,2026-02-06 20:54:18.095510,user_506@example.com
508,1853,Monitor,67.87,failed,2026-02-16 15:37:27.391590,
509,1662,Headphones,150.36,pending,2026-02-04 07:24:22.794611,user_508@example.com
510,1961,Headphones,281.79,completed,2026-02-14 04:09:22.240584,user_509@example.com
511,1638,Chair,601.08,failed,2026-02-09 03:35:48.481284,user_510@example.com
512,1154,Mouse,679.08,failed,2026-02-12 14:31:49.350860,user_511@example.com
513,1489,Laptop,448.29,pending_review,2026-02-25 15:17:12.427469,user_512@example.com
514,1385,Monitor,451.33,pending_review,2026-02-14 04:10:20.175350,user_513@example.com
515,1985,Chair,727.27,cancelled,2026-02-25 08:38:54.487262,user_514@example.com
516,1784,Mouse,25.66,pending,2026-02-27 18:11:12.771730,user_515@example.com
517,1103,Laptop,347.68,pending_review,2026-02-10 08:50:12.834988,user_516@example.com
518,1928,Desk,820.52,pending,2026-02-05 06:10:25.979926,user_517@example.com
519,1392,Keyboard,607.19,cancelled,2026-02-03 09:09:26.504642,user_518@example.com
520,1810,Headphones,343.85,pending,2026-02-18 23:34:59.196823,user_519@example.com
521,1245,Desk,906.47,pending_review,2026-03-04 19:08:06.116104,user_520@example.com
522,1175,Laptop,774.9,failed,2026-02-13 07:10:22.235531,user_521@example.com
523,1038,Desk,272.25,cancelled,2026-02-22 07:18:18.514312,user_522@example.com
524,1476,Keyboard,648.84,pending,2026-02-26 05:41:21.089199,
525,1681,Chair,599.79,completed,2026-02-22 08:27:53.091000,user_524@example.com
526,1758,Laptop,407.18,failed,2026-02-25 10:14:57.489530,user_525@example.com
527,1537,Desk,373.29,failed,2026-03-03 06:55:18.635808,user_526@example.com
528,1866,Headphones,350.12,cancelled,2026-02-08 18:44:27.913292,user_527@example.com
529,1817,Headphones,620.98,cancelled,2026-02-03 09:52:30.029502,user_528@example.com
530,1920,Mouse,447.99,cancelled,2026-02-07 08:55:00.064882,user_529@example.com
531,1407,Desk,833.54,completed,2026-02-06 14:04:49.791482,user_530@example.com
532,1524,Monitor,672.91,completed,2026-02-22 21:12:42.349863,
533,1827,Desk,79.23,cancelled,2026-02-19 17:15:34.180971,user_532@example.com
534,1505,Chair,643.77,pending,2026-02-09 08:08:09.114638,user_533@example.com
535,1902,Laptop,278.44,failed,2026-02-23 18:48:58.230078,user_534@example.com
536,1824,Laptop,596.88,failed,2026-02-25 19:22:04.895547,user_535@example.com
537,1035,Chair,683.33,completed,2026-02-07 20:00:34.484217,user_536@example.com
538,1684,Desk,238.52,failed,2026-02-21 00:25:10.528773,user_537@example.com
539,1019,Chair,462.29,pending,2026-02-25 05:42:28.314476,
540,1320,Keyboard,198.42,failed,2026-02-06 05:39:54.227222,user_539@example.com
541,1775,Chair,61.82,completed,2026-02-27 09:05:53.668422,user_540@example.com
542,1511,Headphones,384.69,completed,2026-03-03 17:48:01.268312,user_541@example.com
543,1399,Chair,-22.62920663741635,pending,2026-02-06 01:01:56.983721,user_542@example.com
544,1653,Laptop,995.53,pending,2026-02-03 13:41:23.503497,user_543@example.com
545,1971,Headphones,451.89,failed,2026-02-12 03:48:38.202079,user_544@example.com
546,1882,Laptop,340.23,failed,2026-02-23 02:53:29.192124,user_545@example.com
547,1470,Mouse,584.67,completed,2026-03-03 13:05:09.021238,user_546@example.com
548,1142,Monitor,97.88,pending,2026-02-14 16:47:33.337019,user_547@example.com
549,1091,Laptop,962.05,pending,2026-02-24 06:00:43.140096,user_548@example.com
550,1353,Headphones,638.61,,2026-02-05 01:55:07.895177,user_549@example.com
551,1833,Mouse,757.29,failed,2026-02-23 12:26:37.590706,user_550@example.com
552,1799,Laptop,178.77,pending,2026-02-21 14:48:57.314006,user_551@example.com
553,1726,Keyboard,415.38,completed,2026-02-05 20:34:13.208324,user_552@example.com
554,1958,Chair,428.46,completed,2026-02-25 23:23:15.478402,user_553@example.com
555,1853,Monitor,823.59,failed,2026-02-28 07:24:45.100326,user_554@example.com
556,1050,Laptop,11.22,cancelled,2026-02-20 19:29:51.930213,user_555@example.com
557,1664,Mouse,307.84,failed,2026-02-06 10:21:39.753262,user_556@example.com
558,1697,Keyboard,981.42,cancelled,2026-03-04 07:34:09.583734,user_557@example.com
559,1574,Desk,480.14,pending,2026-02-26 06:41:55.842376,user_558@example.com
560,1189,Mouse,388.7,failed,2026-02-13 05:11:17.184287,user_559@example.com
561,1124,Chair,128.63,completed,2026-02-15 15:38:00.834912,user_560@example.com
562,1149,Mouse,974.42,pending,2026-02-13 22:00:44.735765,user_561@example.com
563,1313,Keyboard,29.83,completed,2026-02-17 23:29:35.391451,
564,1569,Mouse,739.81,pending,2026-02-13 00:53:16.229848,user_563@example.com
565,1341,Keyboard,770.91,failed,2026-02-28 06:53:45.049791,user_564@example.com
566,1304,Laptop,251.22,cancelled,2026-02-27 11:16:46.764297,user_565@example.com
567,1691,Keyboard,674.84,pending,2026-02-05 23:11:21.777317,user_566@example.com
568,1681,Keyboard,102.0,cancelled,2026-03-03 14:58:06.398828,user_567@example.com
569,1837,Monitor,264.48,pending,2026-02-21 20:49:21.619623,user_568@example.com
570,1782,Keyboard,790.02,completed,2026-02-27 15:52:14.374726,user_569@example.com
571,1053,Keyboard,866.04,completed,2026-02-24 00:27:49.029094,user_570@example.com
572,1443,Desk,612.4,pending,2026-02-15 20:45:07.704468,user_571@example.com
573,1612,Laptop,511.77,cancelled,2026-02-24 19:32:02.452611,user_572@example.com
574,1992,Chair,167.71,failed,2026-03-03 18:20:32.935977,user_573@example.com
575,1263,Monitor,72.48,failed,2026-02-10 21:39:38.596044,user_574@example.com
576,1052,Desk,126.47,completed,2026-02-27 01:06:17.399755,user_575@example.com
577,1571,Headphones,235.08,failed,2026-02-18 22:41:09.198122,user_576@example.com
578,1619,Laptop,348.26,completed,2026-02-17 07:19:10.554673,user_577@example.com
579,1004,Laptop,387.1,,2026-02-15 20:48:54.110474,user_578@example.com
580,1102,Headphones,352.86,pending,2026-02-24 17:32:24.972087,user_579@example.com
581,1195,Chair,246.66,unknown,2026-02-10 20:26:46.259232,user_580@example.com
582,1773,Keyboard,514.63,completed,2026-02-28 08:26:05.535378,user_581@example.com
583,1876,Desk,827.03,pending,2026-02-27 17:19:39.825572,user_582@example.com
584,1991,Mouse,286.91,completed,2026-02-05 09:35:55.256368,user_583@example.com
585,1883,Monitor,942.96,failed,2026-03-01 05:58:33.053543,user_584@example.com
586,1349,Mouse,874.6,failed,2026-02-10 02:46:59.058991,user_585@example.com
587,1046,Headphones,170.15,completed,2026-02-16 17:47:29.370044,user_586@example.com
588,1866,Laptop,788.41,failed,2026-02-21 02:38:24.801974,user_587@example.com
589,1822,Chair,578.84,cancelled,2026-02-14 04:04:25.300908,user_588@example.com
590,1935,Laptop,570.91,completed,2026-02-03 15:51:55.418828,user_589@example.com
591,1819,Monitor,397.13,pending,2026-02-28 07:53:14.776330,user_590@example.com
592,1655,Laptop,506.14,cancelled,2026-02-08 06:07:33.934361,user_591@example.com
593,1268,Laptop,403.21,completed,2026-02-09 03:55:39.676274,user_592@example.com
594,1369,Monitor,544.34,pending,2026-02-26 17:38:26.493506,user_593@example.com
595,1635,Desk,631.67,unknown,2026-02-13 00:14:43.306090,user_594@example.com
596,1105,Desk,677.56,pending,2026-03-01 05:01:54.412141,user_595@example.com
597,1669,Monitor,537.16,cancelled,2026-02-23 20:03:13.305469,user_596@example.com
598,1658,Chair,724.21,failed,2026-02-11 02:06:53.172968,user_597@example.com
599,1656,Headphones,-68.3486206706886,completed,2026-02-03 02:30:36.713233,user_598@example.com
600,1119,Laptop,219.86,failed,2026-03-03 05:48:23.226206,user_599@example.com
601,1830,Chair,820.55,completed,2026-02-05 08:50:33.822003,user_600@example.com
602,1786,Laptop,329.3,completed,2026-02-24 09:39:18.553966,user_601@example.com
603,1603,Headphones,32.66,pending,2026-02-17 10:58:38.803640,user_602@example.com
604,1057,Desk,162.25,pending,2026-02-25 13:04:47.806435,user_603@example.com
605,1950,Chair,231.38,,2026-02-23 12:26:24.432453,user_604@example.com
606,1345,Keyboard,957.75,cancelled,2026-02-22 04:15:05.340737,user_605@example.com
607,1740,Keyboard,577.31,cancelled,2026-02-17 12:35:33.925132,user_606@example.com
608,1473,Keyboard,933.4,pending,2026-02-26 14:06:47.018807,user_607@example.com
609,1116,Desk,579.41,cancelled,2026-02-05 14:11:59.309246,
610,1829,Desk,484.56,failed,2026-02-09 10:45:02.894633,user_609@example.com
611,1790,Headphones,320.59,failed,2026-02-23 13:17:17.331133,user_610@example.com
612,1126,Laptop,610.31,cancelled,2026-02-11 23:40:11.054705,user_611@example.com
613,1392,Headphones,147.81,cancelled,2026-02-20 05:55:17.101789,user_612@example.com
614,1907,Headphones,899.28,failed,2026-02-16 23:56:56.211473,user_613@example.com
615,1640,Desk,-68.87194633250863,completed,2026-02-18 17:27:54.670138,user_614@example.com
616,1057,Keyboard,324.36,failed,2026-02-15 13:33:50.907140,user_615@example.com
617,1633,Mouse,953.27,failed,2026-02-25 04:16:29.676570,
618,1512,Laptop,826.95,cancelled,2026-02-12 17:22:16.066940,user_617@example.com
619,1750,Desk,669.64,failed,2026-02-23 21:15:25.034754,user_618@example.com
620,1801,Keyboard,130.54,cancelled,2026-02-10 22:15:40.403330,user_619@example.com
621,1095,Chair,483.45,cancelled,2026-02-10 08:12:43.353321,user_620@example.com
622,1637,Mouse,511.05,pending_review,2026-02-06 10:04:25.077886,user_621@example.com
623,1117,Mouse,240.23,failed,2026-02-08 13:51:43.513234,user_622@example.com
624,1559,Desk,89.17,completed,2026-02-06 09:16:50.913941,user_623@example.com
625,1600,Monitor,778.96,pending,2026-02-18 21:01:24.422883,user_624@example.com
626,1487,Laptop,130.81,cancelled,2026-02-25 15:58:40.492391,user_625@example.com
627,1236,Mouse,598.35,,2026-02-08 08:30:33.416206,user_626@example.com
628,1884,Desk,937.08,completed,2026-02-09 06:59:54.011173,user_627@example.com
629,1896,Desk,877.34,cancelled,2026-02-17 07:49:27.762663,user_628@example.com
630,1271,Keyboard,284.98,failed,2026-02-24 12:54:09.347441,user_629@example.com
631,1188,Chair,852.93,pending,2026-03-04 02:21:30.427921,user_630@example.com
632,1998,Monitor,10.33,cancelled,2026-02-18 12:56:23.789338,user_631@example.com
633,1703,Laptop,27.51,cancelled,2026-02-11 06:57:37.663497,user_632@example.com
634,1446,Headphones,606.53,completed,2026-02-05 19:34:48.696779,user_633@example.com
635,1580,Chair,-56.62072597641623,failed,2026-02-08 14:57:57.787020,user_634@example.com
636,1789,Chair,392.6,cancelled,2026-02-09 14:59:21.384355,user_635@example.com
637,1860,Keyboard,568.8,completed,2026-02-08 04:23:57.505841,user_636@example.com
638,1246,Mouse,199.86,cancelled,2026-02-03 05:23:17.592536,user_637@example.com
639,1962,Mouse,219.64,completed,2026-02-18 19:46:43.175990,user_638@example.com
640,1075,Keyboard,489.76,completed,2026-02-11 00:42:19.983630,user_639@example.com
641,1153,Desk,756.71,failed,2026-03-04 00:41:37.486026,
642,1655,Mouse,623.3,cancelled,2026-02-19 09:37:11.466550,user_641@example.com
643,1434,Monitor,304.38,failed,2026-02-23 17:20:30.907031,user_642@example.com
644,1996,Laptop,436.03,completed,2026-02-06 14:07:21.470356,user_643@example.com
645,1085,Chair,178.96,pending,2026-02-28 20:29:36.447914,user_644@example.com
646,1696,Chair,83.88,cancelled,2026-02-17 12:38:02.600814,
647,1284,Monitor,784.87,pending,2026-02-28 23:33:34.577724,user_646@example.com
648,1973,Mouse,272.73,unknown,2026-02-20 00:31:39.481879,user_647@example.com
649,1219,Chair,185.99,failed,2026-02-16 21:10:01.905868,user_648@example.com
650,1068,Headphones,694.7,failed,2026-02-16 00:20:20.149377,user_649@example.com
651,1046,Laptop,621.87,failed,2026-02-08 07:56:35.658259,user_650@example.com
652,1093,Laptop,636.86,failed,2026-02-04 08:11:33.475548,user_651@example.com
653,1749,Chair,-58.758486784080695,failed,2026-03-03 00:46:01.867431,user_652@example.com
654,1957,Keyboard,240.32,pending,2026-02-17 03:09:59.078001,user_653@example.com
655,1452,Chair,228.59,failed,2026-02-27 11:07:28.777224,user_654@example.com
656,1203,Keyboard,182.02,completed,2026-02-14 19:42:38.714925,user_655@example.com
657,1911,Chair,659.17,completed,2026-02-05 00:32:26.009911,user_656@example.com
658,1217,Headphones,849.54,pending,2026-02-21 16:24:08.297028,user_657@example.com
659,1473,Desk,727.07,cancelled,2026-02-04 09:47:59.745174,user_658@example.com
660,1431,Laptop,794.17,completed,2026-02-07 06:37:25.163564,user_659@example.com
661,1340,Chair,410.75,cancelled,2026-02-19 16:26:45.260251,user_660@example.com
662,1550,Headphones,657.54,pending,2026-02-11 21:57:46.671303,user_661@example.com
663,1611,Keyboard,360.69,cancelled,2026-03-04 14:49:20.798673,user_662@example.com
664,1288,Keyboard,530.25,cancelled,2026-02-06 08:29:11.473860,user_663@example.com
665,1253,Laptop,486.82,cancelled,2026-02-25 17:36:02.434893,user_664@example.com
666,1733,Monitor,-82.40451781886401,cancelled,2026-02-20 23:45:00.376630,user_665@example.com
667,1356,Chair,393.21,pending,2026-02-26 12:32:05.255562,
668,1022,Mouse,964.18,completed,2026-02-09 13:41:46.083881,user_667@example.com
669,1761,Keyboard,256.09,failed,2026-02-18 11:27:13.035666,user_668@example.com
670,1521,Desk,142.47,cancelled,2026-02-16 07:34:18.517600,user_669@example.com
671,1757,Desk,424.39,unknown,2026-02-16 01:57:37.867026,user_670@example.com
672,1836,Keyboard,792.43,completed,2026-02-28 14:31:17.022429,user_671@example.com
673,1099,Monitor,586.33,pending,2026-03-04 12:01:26.051738,user_672@example.com
674,1801,Monitor,684.17,completed,2026-02-11 23:04:30.617884,user_673@example.com
675,1179,Headphones,197.8,pending,2026-02-21 10:20:27.840827,user_674@example.com
676,1222,Desk,-50.616470172632944,cancelled,2026-02-21 02:08:08.349147,user_675@example.com
677,1905,Headphones,330.27,cancelled,2026-02-25 00:03:56.504424,user_676@example.com
678,1761,Desk,-27.54776799102603,failed,2026-03-03 05:27:58.823851,user_677@example.com
679,1658,Chair,633.01,failed,2026-02-09 00:48:31.276503,user_678@example.com
680,1441,Chair,206.87,failed,2026-02-09 03:08:22.330840,user_679@example.com
681,1607,Mouse,73.97,completed,2026-02-22 14:42:34.756210,user_680@example.com
682,1768,Chair,52.21,cancelled,2026-02-07 12:16:57.010651,user_681@example.com
683,1324,Mouse,377.69,pending_review,2026-02-08 00:20:49.741870,user_682@example.com
684,1515,Chair,273.19,failed,2026-02-05 01:14:53.164800,user_683@example.com
685,1015,Laptop,-73.78890897062388,pending,2026-02-02 21:07:40.497595,user_684@example.com
686,1791,Chair,504.34,pending,2026-02-16 07:33:50.626977,user_685@example.com
687,1335,Headphones,273.36,failed,2026-02-20 14:44:43.642358,user_686@example.com
688,1758,Keyboard,157.75,cancelled,2026-02-11 12:54:29.101776,user_687@example.com
689,1257,Headphones,-91.15966256916059,failed,2026-02-09 17:51:51.424577,user_688@example.com
690,1496,Keyboard,866.01,unknown,2026-02-24 00:12:34.535654,user_689@example.com
691,1987,Monitor,251.04,failed,2026-02-23 21:21:08.775187,user_690@example.com
692,1895,Headphones,-90.13685654973956,pending,2026-02-16 10:06:14.222655,user_691@example.com
693,1159,Monitor,812.58,pending,2026-02-23 10:07:06.737433,user_692@example.com
694,1474,Mouse,617.94,failed,2026-03-02 12:25:02.451907,
695,1851,Mouse,860.97,completed,2026-02-26 10:26:15.269676,user_694@example.com
696,1663,Laptop,398.47,failed,2026-02-21 13:14:35.379178,user_695@example.com
697,1907,Chair,956.66,completed,2026-02-22 15:15:11.471684,user_696@example.com
698,1689,Headphones,141.81,pending,2026-03-02 19:26:33.668899,user_697@example.com
699,1674,Monitor,111.13,pending,2026-02-15 13:18:05.224750,user_698@example.com
700,1379,Keyboard,662.11,completed,2026-02-19 03:17:10.710226,user_699@example.com
701,1544,Mouse,943.4,pending_review,2026-02-22 05:29:54.227667,user_700@example.com
702,1928,Chair,810.79,unknown,2026-03-02 01:15:27.490599,user_701@example.com
703,1956,Mouse,85.65,completed,2026-02-27 14:22:32.990421,user_702@example.com
704,1690,Keyboard,286.57,pending,2026-02-04 22:36:59.321738,user_703@example.com
705,1426,Chair,931.02,cancelled,2026-02-07 18:39:56.894268,user_704@example.com
706,1612,Chair,260.53,unknown,2026-02-12 00:40:54.842904,user_705@example.com
707,1267,Monitor,783.36,failed,2026-02-25 06:27:03.440212,user_706@example.com
708,1834,Monitor,826.88,failed,2026-02-19 21:01:49.696443,
709,1576,Headphones,500.5,pending,2026-02-11 11:00:03.669497,user_708@example.com
710,1416,Headphones,392.49,cancelled,2026-02-06 12:44:09.706597,user_709@example.com
711,1167,Desk,455.62,pending,2026-02-23 11:02:58.377830,
712,1841,Desk,234.7,pending_review,2026-02-23 19:00:34.736065,user_711@example.com
713,1042,Laptop,890.5,completed,2026-03-03 01:55:41.840617,user_712@example.com
714,1555,Mouse,456.11,completed,2026-02-17 19:32:28.907698,
715,1284,Headphones,883.63,completed,2026-02-17 14:44:02.233150,
716,1396,Monitor,114.64,completed,2026-02-05 05:07:10.304731,user_715@example.com
717,1011,Keyboard,988.39,failed,2026-02-03 23:54:04.177212,user_716@example.com
718,1606,Monitor,448.84,failed,2026-02-15 18:15:43.322113,user_717@example.com
719,1301,Mouse,57.35,pending,2026-02-12 11:16:22.568673,user_718@example.com
720,1897,Desk,47.64,cancelled,2026-02-10 07:27:58.627660,user_719@example.com
721,1252,Monitor,748.75,completed,2026-02-05 12:57:24.314756,user_720@example.com
722,1498,Laptop,662.45,completed,2026-03-03 15:46:38.601492,user_721@example.com
723,1753,Mouse,804.11,cancelled,2026-02-27 21:05:29.751853,user_722@example.com
724,1034,Desk,-79.55286159613037,cancelled,2026-02-20 01:20:41.115706,user_723@example.com
725,1726,Keyboard,45.22,pending,2026-03-03 07:46:03.056682,user_724@example.com
726,1848,Desk,513.49,cancelled,2026-03-04 18:53:36.729154,user_725@example.com
727,1089,Chair,393.72,completed,2026-02-22 23:14:38.891122,
728,1775,Laptop,467.33,completed,2026-02-10 21:14:57.603915,user_727@example.com
729,1604,Mouse,991.67,completed,2026-02-04 00:10:05.521399,user_728@example.com
730,1921,Keyboard,971.04,completed,2026-02-25 11:42:53.833037,user_729@example.com
731,1969,Laptop,942.89,completed,2026-02-16 21:57:43.158476,user_730@example.com
732,1601,Desk,786.0,pending,2026-02-22 08:17:17.621220,user_731@example.com
733,1417,Laptop,361.29,completed,2026-03-02 06:46:25.690914,user_732@example.com
734,1114,Mouse,418.01,pending,2026-02-08 05:52:24.894210,user_733@example.com
735,1616,Headphones,554.12,completed,2026-02-20 08:38:19.413328,user_734@example.com
736,1902,Laptop,832.23,failed,2026-02-21 20:14:47.017433,user_735@example.com
737,1195,Chair,78.03,failed,2026-02-17 13:14:38.303887,user_736@example.com
738,1825,Laptop,430.05,failed,2026-02-05 12:53:45.341722,user_737@example.com
739,1500,Desk,91.79,failed,2026-02-13 05:44:00.082524,
740,1625,Desk,519.51,pending,2026-02-12 19:11:00.380988,user_739@example.com
741,1492,Keyboard,899.91,pending,2026-02-22 21:41:51.081287,user_740@example.com
742,1074,Desk,-15.990825512280058,cancelled,2026-02-28 12:46:09.205294,user_741@example.com
743,1412,Monitor,235.56,completed,2026-02-12 16:39:36.120605,user_742@example.com
744,1375,Mouse,976.23,failed,2026-02-23 14:38:47.187573,user_743@example.com
745,1419,Mouse,670.68,pending,2026-02-11 10:43:05.550185,user_744@example.com
746,1728,Headphones,20.32,completed,2026-03-03 03:44:26.679156,user_745@example.com
747,1276,Headphones,262.86,completed,2026-02-27 04:58:08.186649,user_746@example.com
748,1760,Mouse,268.11,pending,2026-02-19 07:16:15.435063,user_747@example.com
749,1675,Chair,78.56,failed,2026-02-16 10:40:33.779704,user_748@example.com
750,1393,Headphones,-82.31838935163431,cancelled,2026-02-12 05:39:13.495993,user_749@example.com
751,1868,Keyboard,483.47,completed,2026-02-12 11:57:30.678635,user_750@example.com
752,1456,Desk,-16.669488031738037,cancelled,2026-03-03 21:44:03.836496,user_751@example.com
753,1919,Mouse,328.99,failed,2026-02-14 22:12:26.772354,user_752@example.com
754,1191,Headphones,133.98,pending_review,2026-02-18 05:42:38.510645,user_753@example.com
755,1738,Mouse,479.59,cancelled,2026-03-04 10:38:50.029322,user_754@example.com
756,1688,Monitor,122.82,failed,2026-02-22 12:43:00.746372,user_755@example.com
757,1098,Laptop,-81.2402382332233,completed,2026-02-19 01:52:07.621182,user_756@example.com
758,1547,Desk,921.09,cancelled,2026-02-15 04:44:22.728120,user_757@example.com
759,1977,Mouse,525.56,failed,2026-02-08 10:15:38.971903,
760,1998,Laptop,620.33,cancelled,2026-02-13 15:40:57.123529,user_759@example.com
761,1095,Headphones,165.07,completed,2026-02-25 11:50:25.679920,user_760@example.com
762,1663,Laptop,-66.91521918955486,failed,2026-02-21 13:29:44.484248,user_761@example.com
763,1662,Desk,119.7,completed,2026-02-25 14:23:40.494078,user_762@example.com
764,1189,Mouse,602.55,failed,2026-02-08 21:45:47.978412,user_763@example.com
765,1735,Monitor,104.06,pending,2026-02-19 06:38:22.329117,user_764@example.com
766,1036,Chair,382.23,failed,2026-03-02 15:07:32.820717,user_765@example.com
767,1779,Headphones,554.59,cancelled,2026-02-15 22:38:41.943036,user_766@example.com
768,1368,Mouse,394.77,failed,2026-02-23 17:56:29.100093,user_767@example.com
769,1694,Desk,-86.9476617605327,completed,2026-02-06 10:37:41.432684,user_768@example.com
770,1524,Headphones,281.05,completed,2026-03-03 23:52:01.571218,user_769@example.com
771,1278,Keyboard,929.03,pending_review,2026-02-21 01:35:20.385684,user_770@example.com
772,1216,Laptop,679.22,cancelled,2026-02-09 23:29:44.046961,user_771@example.com
773,1866,Chair,501.09,pending,2026-02-07 13:14:01.225191,user_772@example.com
774,1872,Desk,22.59,cancelled,2026-02-19 07:48:19.730759,user_773@example.com
775,1797,Keyboard,992.49,pending,2026-02-19 08:49:20.676875,user_774@example.com
776,1272,Mouse,674.74,completed,2026-02-05 14:18:43.274330,user_775@example.com
777,1880,Monitor,323.75,cancelled,2026-03-04 13:37:35.529920,user_776@example.com
778,1061,Headphones,880.48,pending,2026-03-02 04:30:39.269639,user_777@example.com
779,1595,Laptop,265.85,failed,2026-02-16 15:26:37.966319,user_778@example.com
780,1879,Headphones,548.58,completed,2026-02-06 07:46:37.283048,user_779@example.com
781,1728,Chair,639.71,failed,2026-02-27 18:20:40.131017,user_780@example.com
782,1341,Mouse,228.85,completed,2026-02-17 18:01:54.332809,user_781@example.com
783,1396,Headphones,978.61,cancelled,2026-02-24 07:09:20.845579,user_782@example.com
784,1698,Laptop,750.71,cancelled,2026-02-18 01:35:21.287668,user_783@example.com
785,1018,Mouse,562.24,completed,2026-02-11 00:04:02.356889,user_784@example.com
786,1176,Headphones,188.79,completed,2026-02-27 20:12:09.491543,user_785@example.com
787,1611,Monitor,63.32,completed,2026-03-04 04:58:39.112316,user_786@example.com
788,1395,Desk,-99.74641185126553,cancelled,2026-02-10 02:41:15.533155,user_787@example.com
789,1444,Mouse,755.66,pending,2026-02-19 08:06:44.103882,user_788@example.com
790,1232,Desk,276.64,failed,2026-02-14 07:22:59.970945,user_789@example.com
791,1914,Mouse,544.16,failed,2026-03-02 10:56:47.269231,user_790@example.com
792,1075,Monitor,730.67,cancelled,2026-02-18 01:08:05.415617,user_791@example.com
793,1264,Desk,116.86,failed,2026-03-01 04:18:58.677948,user_792@example.com
794,1454,Keyboard,-77.65722931562564,completed,2026-02-28 17:18:02.838647,user_793@example.com
795,1795,Laptop,100.95,pending,2026-02-11 02:05:58.292723,user_794@example.com
796,1717,Keyboard,-82.3433090674102,failed,2026-02-26 12:00:21.048360,user_795@example.com
797,1734,Headphones,493.51,pending,2026-02-15 05:57:35.786453,user_796@example.com
798,1383,Monitor,159.17,completed,2026-03-02 19:51:36.861033,user_797@example.com
799,1563,Keyboard,348.96,pending_review,2026-02-18 00:46:21.080307,user_798@example.com
800,1850,Mouse,419.28,cancelled,2026-02-27 09:59:49.259105,user_799@example.com
801,1505,Headphones,760.6,pending,2026-02-11 06:50:43.669277,user_800@example.com
802,1366,Headphones,745.99,completed,2026-02-11 18:09:41.787216,user_801@example.com
803,1143,Keyboard,615.82,pending,2026-02-20 09:47:47.601106,user_802@example.com
804,1884,Keyboard,114.87,failed,2026-03-04 18:24:39.872338,user_803@example.com
805,1068,Monitor,160.05,failed,2026-02-17 11:44:32.803140,user_804@example.com
806,1098,Laptop,102.82,,2026-02-07 06:11:24.349056,user_805@example.com
807,1395,Keyboard,581.4,completed,2026-02-18 22:58:45.882016,user_806@example.com
808,1024,Chair,878.37,completed,2026-02-13 03:41:26.281476,
809,1947,Keyboard,439.46,cancelled,2026-02-19 08:34:54.969656,user_808@example.com
810,1890,Desk,169.24,cancelled,2026-02-19 02:28:15.747797,user_809@example.com
811,1468,Mouse,562.46,,2026-02-16 11:02:58.271526,user_810@example.com
812,1483,Chair,813.63,pending,2026-02-12 10:52:51.916402,user_811@example.com
813,1564,Chair,-10.478212810151135,pending,2026-02-08 11:01:51.977257,user_812@example.com
814,1150,Desk,882.64,cancelled,2026-02-23 17:24:00.949001,user_813@example.com
815,1143,Desk,285.12,pending,2026-02-19 22:53:44.512633,user_814@example.com
816,1568,Headphones,202.01,completed,2026-02-09 19:21:58.884790,
817,1038,Laptop,881.02,failed,2026-02-26 01:35:36.304065,user_816@example.com
818,1108,Mouse,660.98,failed,2026-02-04 02:37:38.823868,user_817@example.com
819,1692,Monitor,317.82,pending,2026-02-25 03:23:20.777465,user_818@example.com
820,1041,Chair,744.92,cancelled,2026-02-23 22:57:55.692225,user_819@example.com
821,1185,Monitor,816.97,cancelled,2026-02-27 03:24:56.900056,user_820@example.com
822,1934,Keyboard,618.83,cancelled,2026-02-14 09:10:41.151065,user_821@example.com
823,1397,Keyboard,691.01,cancelled,2026-02-22 17:03:26.470632,user_822@example.com
824,1222,Monitor,381.51,cancelled,2026-02-27 10:08:22.678639,user_823@example.com
825,1633,Keyboard,543.31,pending,2026-03-04 05:23:25.640014,user_824@example.com
826,1132,Laptop,528.92,failed,2026-02-17 15:50:16.884414,user_825@example.com
827,1162,Desk,849.57,failed,2026-02-03 21:51:19.857216,user_826@example.com
828,1214,Keyboard,841.56,pending,2026-02-17 20:51:03.685753,user_827@example.com
829,1732,Headphones,834.35,cancelled,2026-02-20 12:07:52.697378,
830,1234,Keyboard,20.92,pending,2026-02-28 21:23:08.236843,user_829@example.com
831,1842,Mouse,752.05,failed,2026-03-01 00:37:06.474157,user_830@example.com
832,1657,Laptop,761.09,completed,2026-02-16 00:13:18.720334,user_831@example.com
833,1750,Mouse,681.6,pending,2026-02-18 13:53:10.241613,
834,1587,Mouse,758.7,cancelled,2026-02-16 12:11:22.593645,user_833@example.com
835,1008,Headphones,843.55,failed,2026-02-24 11:21:39.425671,user_834@example.com
836,1073,Laptop,475.62,failed,2026-02-15 02:23:09.606991,user_835@example.com
837,1953,Laptop,507.03,failed,2026-02-22 10:38:38.222709,user_836@example.com
838,1491,Laptop,133.47,failed,2026-02-07 10:20:29.303664,user_837@example.com
839,1912,Laptop,391.52,cancelled,2026-02-16 21:14:04.662360,user_838@example.com
840,1252,Laptop,646.93,completed,2026-03-03 21:01:40.835056,user_839@example.com
841,1229,Headphones,782.6,unknown,2026-02-12 22:57:55.743269,user_840@example.com
842,1518,Keyboard,225.04,pending,2026-02-23 13:56:55.344145,user_841@example.com
843,1173,Mouse,146.44,completed,2026-02-22 07:05:01.628093,user_842@example.com
844,1652,Laptop,666.41,failed,2026-02-28 08:28:20.662381,user_843@example.com
845,1167,Chair,11.86,completed,2026-02-28 08:53:13.768987,user_844@example.com
846,1169,Keyboard,186.59,pending,2026-02-28 13:55:39.965972,user_845@example.com
847,1392,Keyboard,38.78,failed,2026-02-14 04:48:29.382987,user_846@example.com
848,1945,Mouse,175.22,pending,2026-02-12 07:11:50.735603,user_847@example.com
849,1794,Headphones,189.51,cancelled,2026-02-24 08:40:40.590786,user_848@example.com
850,1633,Monitor,393.8,failed,2026-02-25 13:58:14.514403,user_849@example.com
851,1193,Monitor,408.3,failed,2026-02-28 23:19:01.805705,user_850@example.com
852,1516,Keyboard,875.52,failed,2026-02-03 21:02:55.491387,user_851@example.com
853,1028,Desk,515.01,failed,2026-02-04 20:27:51.601303,user_852@example.com
854,1164,Desk,726.17,cancelled,2026-02-21 17:38:14.380295,user_853@example.com
855,1421,Mouse,113.1,failed,2026-03-02 10:16:13.248647,user_854@example.com
856,1338,Monitor,-65.84264065467735,completed,2026-03-04 17:20:53.016911,user_855@example.com
857,1647,Keyboard,705.91,failed,2026-02-25 04:52:23.447193,
858,1495,Headphones,62.28,cancelled,2026-02-15 19:39:39.079833,user_857@example.com
859,1364,Monitor,491.73,failed,2026-02-05 18:04:49.608193,
860,1832,Keyboard,603.38,completed,2026-02-21 19:29:59.396808,user_859@example.com
861,1341,Keyboard,606.12,cancelled,2026-02-28 23:27:30.395526,user_860@example.com
862,1499,Laptop,32.7,,2026-02-16 02:38:59.830515,user_861@example.com
863,1656,Headphones,328.89,completed,2026-02-23 14:52:56.038568,user_862@example.com
864,1510,Laptop,640.13,completed,2026-03-01 21:40:00.193443,user_863@example.com
865,1326,Mouse,157.51,completed,2026-02-04 04:18:53.615419,
866,1216,Laptop,698.46,completed,2026-02-26 16:25:28.886308,
867,1300,Chair,748.47,completed,2026-02-11 14:25:34.299910,user_866@example.com
868,1131,Laptop,-29.590065962248243,cancelled,2026-02-14 01:05:13.129306,user_867@example.com
869,1803,Chair,217.74,cancelled,2026-02-07 04:00:41.935061,user_868@example.com
870,1069,Monitor,-85.89935510090949,failed,2026-02-18 17:38:28.121250,user_869@example.com
871,1251,Desk,525.09,failed,2026-02-19 18:40:10.561094,user_870@example.com
872,1414,Keyboard,379.73,pending,2026-02-26 13:48:55.500907,
873,1786,Chair,131.15,failed,2026-02-07 21:35:22.642993,user_872@example.com
874,1444,Headphones,738.15,failed,2026-02-05 04:03:30.989519,user_873@example.com
875,1875,Laptop,243.5,completed,2026-02-28 22:12:21.264295,user_874@example.com
876,1181,Chair,377.71,completed,2026-02-21 09:23:34.299857,user_875@example.com
877,1166,Headphones,71.92,failed,2026-02-10 00:35:55.845100,user_876@example.com
878,1090,Desk,803.35,pending,2026-03-02 04:26:17.834141,user_877@example.com
879,1713,Desk,768.92,completed,2026-02-07 02:14:46.155181,user_878@example.com
880,1857,Laptop,736.28,failed,2026-02-16 15:13:45.600024,
881,1530,Mouse,306.45,failed,2026-02-10 10:03:54.288368,user_880@example.com
882,1038,Laptop,181.75,cancelled,2026-02-10 11:02:11.852157,user_881@example.com
883,1125,Monitor,641.18,pending,2026-02-03 01:58:03.166939,user_882@example.com
884,1450,Chair,501.2,cancelled,2026-02-26 22:32:13.960128,user_883@example.com
885,1172,Keyboard,186.47,pending,2026-03-01 20:04:19.850576,user_884@example.com
886,1652,Mouse,689.05,completed,2026-02-23 03:04:52.440340,user_885@example.com
887,1753,Laptop,991.22,pending,2026-02-07 12:56:37.837018,user_886@example.com
888,1219,Headphones,749.75,failed,2026-02-16 01:14:48.623709,user_887@example.com
889,1637,Mouse,742.59,failed,2026-02-13 04:00:31.123164,user_888@example.com
890,1057,Chair,950.81,pending,2026-02-20 10:15:10.884296,user_889@example.com
891,1659,Mouse,210.91,pending,2026-02-21 23:14:14.141125,user_890@example.com
892,1475,Chair,569.89,pending_review,2026-02-15 12:42:13.793099,user_891@example.com
893,1455,Laptop,979.85,cancelled,2026-02-10 07:16:19.622273,user_892@example.com
894,1828,Chair,173.64,pending,2026-02-28 03:49:12.798578,user_893@example.com
895,1894,Mouse,703.25,completed,2026-02-08 18:38:15.486298,user_894@example.com
896,1360,Headphones,589.95,cancelled,2026-02-14 08:10:49.925931,user_895@example.com
897,1934,Desk,590.61,cancelled,2026-02-17 07:06:40.318873,
898,1000,Mouse,-63.743977539127165,pending,2026-02-09 21:59:22.204004,user_897@example.com
899,1386,Chair,930.32,completed,2026-02-19 22:59:08.643181,user_898@example.com
900,1972,Desk,784.76,cancelled,2026-02-20 01:03:57.547631,
901,1347,Chair,65.57,failed,2026-03-04 13:56:22.801689,user_900@example.com
902,1189,Headphones,854.2,cancelled,2026-02-11 15:46:03.138673,user_901@example.com
903,1504,Chair,233.29,pending,2026-03-04 03:19:17.128631,user_902@example.com
904,1190,Laptop,383.15,completed,2026-02-22 13:07:36.707495,user_903@example.com
905,1507,Keyboard,467.12,pending,2026-02-11 00:49:38.170030,user_904@example.com
906,1368,Mouse,486.1,failed,2026-02-19 18:40:13.036557,user_905@example.com
907,1408,Keyboard,440.83,failed,2026-02-23 08:58:37.309775,user_906@example.com
908,1823,Chair,937.98,failed,2026-02-25 03:21:46.660909,user_907@example.com
909,1928,Headphones,708.96,pending,2026-02-04 06:30:47.722619,user_908@example.com
910,1933,Mouse,634.86,cancelled,2026-02-20 23:48:50.654662,user_909@example.com
911,1116,Chair,59.34,pending,2026-02-17 16:50:42.151278,user_910@example.com
912,1133,Desk,904.87,completed,2026-03-01 22:11:35.538605,user_911@example.com
913,1057,Monitor,910.3,cancelled,2026-02-11 09:15:40.265190,user_912@example.com
914,1555,Chair,782.41,failed,2026-02-26 18:22:50.454372,user_913@example.com
915,1684,Keyboard,16.96,pending,2026-02-21 00:17:17.499850,user_914@example.com
916,1671,Mouse,66.71,failed,2026-02-13 08:52:20.942133,user_915@example.com
917,1172,Keyboard,232.97,failed,2026-02-21 21:33:58.564399,user_916@example.com
918,1828,Mouse,140.04,completed,2026-02-21 10:14:34.919442,user_917@example.com
919,1814,Chair,404.85,cancelled,2026-02-23 03:11:30.501360,user_918@example.com
920,1148,Laptop,923.4,completed,2026-02-24 10:16:11.376938,user_919@example.com
921,1079,Desk,477.34,completed,2026-02-22 13:48:43.577109,user_920@example.com
922,1885,Chair,23.27,completed,2026-02-27 22:48:14.831775,user_921@example.com
923,1212,Keyboard,289.92,pending_review,2026-02-21 15:32:24.109364,user_922@example.com
924,1202,Monitor,54.15,completed,2026-03-01 21:39:07.425565,user_923@example.com
925,1763,Monitor,45.92,completed,2026-02-22 04:33:59.882852,user_924@example.com
926,1228,Headphones,282.96,cancelled,2026-02-12 01:37:59.059813,user_925@example.com
927,1675,Mouse,282.86,cancelled,2026-02-16 00:35:38.733510,user_926@example.com
928,1226,Keyboard,789.26,completed,2026-02-20 04:29:40.328123,user_927@example.com
929,1658,Headphones,975.09,cancelled,2026-02-24 18:30:01.543107,user_928@example.com
930,1531,Keyboard,377.5,unknown,2026-02-05 12:05:50.734542,user_929@example.com
931,1440,Mouse,434.6,completed,2026-02-11 15:40:51.315231,user_930@example.com
932,1401,Chair,846.34,failed,2026-02-25 05:23:15.426528,user_931@example.com
933,1046,Chair,275.46,completed,2026-02-08 01:39:44.087200,user_932@example.com
934,1232,Monitor,164.82,cancelled,2026-02-06 18:21:23.220368,user_933@example.com
935,1304,Chair,854.56,pending_review,2026-02-18 23:34:29.935896,user_934@example.com
936,1525,Chair,56.04,pending,2026-03-03 22:40:26.019108,user_935@example.com
937,1142,Laptop,623.5,failed,2026-02-18 17:24:54.377246,user_936@example.com
938,1414,Monitor,566.37,cancelled,2026-03-02 04:54:43.262465,
939,1512,Headphones,352.46,failed,2026-02-27 17:08:30.054527,user_938@example.com
940,1372,Desk,322.04,completed,2026-02-10 12:13:11.483796,user_939@example.com
941,1565,Laptop,774.14,pending,2026-02-27 12:58:41.018718,user_940@example.com
942,1885,Headphones,95.56,pending,2026-02-17 06:07:54.599641,user_941@example.com
943,1258,Mouse,244.42,pending,2026-02-26 23:52:23.200521,user_942@example.com
944,1655,Laptop,735.12,cancelled,2026-02-25 04:43:26.861667,user_943@example.com
945,1470,Headphones,552.84,cancelled,2026-02-12 23:04:34.962462,user_944@example.com
946,1952,Mouse,136.71,pending,2026-02-06 06:07:24.906318,user_945@example.com
947,1970,Monitor,883.31,unknown,2026-03-03 16:29:04.439724,user_946@example.com
948,1011,Desk,399.51,pending,2026-02-07 00:32:47.207503,user_947@example.com
949,1329,Mouse,829.59,failed,2026-03-03 19:04:53.567535,user_948@example.com
950,1735,Chair,789.84,failed,2026-02-28 14:30:09.451770,user_949@example.com
951,1783,Keyboard,628.18,cancelled,2026-02-24 12:38:14.742308,user_950@example.com
952,1967,Mouse,499.54,failed,2026-03-04 04:45:35.317899,user_951@example.com
953,1357,Mouse,979.76,pending,2026-03-03 19:38:08.209610,user_952@example.com
954,1971,Desk,153.52,cancelled,2026-02-26 22:30:16.197909,user_953@example.com
955,1407,Keyboard,727.9,completed,2026-02-13 18:33:33.952667,user_954@example.com
956,1667,Chair,199.28,completed,2026-02-26 12:29:32.687191,user_955@example.com
957,1372,Headphones,344.88,cancelled,2026-02-03 05:13:22.178630,user_956@example.com
958,1007,Headphones,315.61,pending,2026-02-18 21:32:00.447641,user_957@example.com
959,1121,Mouse,947.57,completed,2026-02-16 10:38:50.408494,user_958@example.com
960,1347,Keyboard,967.68,completed,2026-02-22 23:38:16.190425,user_959@example.com
961,1675,Keyboard,191.19,failed,2026-02-22 23:17:12.371342,user_960@example.com
962,1089,Chair,31.81,failed,2026-02-20 08:05:04.782170,user_961@example.com
963,1647,Desk,722.81,pending,2026-02-27 11:20:30.669388,user_962@example.com
964,1697,Monitor,423.81,cancelled,2026-03-03 00:12:41.608101,user_963@example.com
965,1315,Headphones,97.95,pending,2026-02-06 01:12:38.121508,user_964@example.com
966,1177,Desk,686.92,cancelled,2026-02-09 19:33:11.395140,user_965@example.com
967,1539,Laptop,549.65,completed,2026-02-03 13:13:08.916492,user_966@example.com
968,1731,Headphones,980.71,failed,2026-03-01 07:51:01.743405,user_967@example.com
969,1868,Desk,235.14,pending,2026-02-19 15:24:52.959400,user_968@example.com
970,1040,Headphones,409.94,pending,2026-03-02 06:11:08.340070,user_969@example.com
971,1739,Monitor,547.12,cancelled,2026-02-09 10:35:08.807200,user_970@example.com
972,1703,Laptop,-51.96787805261531,cancelled,2026-02-04 16:43:03.595295,user_971@example.com
973,1922,Monitor,553.35,pending,2026-02-27 12:22:38.095412,user_972@example.com
974,1501,Chair,616.77,cancelled,2026-03-02 01:57:37.783413,user_973@example.com
975,1958,Laptop,233.89,pending,2026-02-11 20:46:41.956988,user_974@example.com
976,1144,Mouse,848.45,pending,2026-02-15 01:10:27.882830,user_975@example.com
977,1200,Desk,434.34,pending,2026-02-06 23:50:27.041027,user_976@example.com
978,1928,Laptop,149.55,completed,2026-03-03 04:30:34.917838,user_977@example.com
979,1723,Chair,667.55,cancelled,2026-02-11 22:20:38.027259,user_978@example.com
980,1460,Chair,223.93,failed,2026-02-17 13:53:28.037000,user_979@example.com
981,1731,Monitor,106.59,failed,2026-02-05 17:10:46.685036,user_980@example.com
982,1751,Headphones,863.37,cancelled,2026-03-01 10:01:41.152314,user_981@example.com
983,1924,Laptop,465.56,pending,2026-02-06 20:52:46.238855,user_982@example.com
984,1908,Desk,751.79,failed,2026-02-16 09:49:29.642464,user_983@example.com
985,1557,Laptop,297.68,failed,2026-02-22 21:57:05.303868,user_984@example.com
986,1546,Keyboard,789.1,cancelled,2026-02-25 02:15:44.219596,user_985@example.com
987,1252,Headphones,120.82,failed,2026-03-03 04:18:09.854948,user_986@example.com
988,1389,Desk,362.41,pending,2026-02-15 08:58:21.569459,user_987@example.com
989,1593,Desk,978.28,cancelled,2026-02-25 01:38:06.310880,user_988@example.com
990,1882,Mouse,796.05,pending,2026-02-07 10:27:28.387654,user_989@example.com
991,1255,Monitor,502.28,failed,2026-02-15 05:55:05.719724,user_990@example.com
992,1708,Mouse,346.38,failed,2026-02-05 18:29:49.101778,
993,1814,Desk,873.41,pending,2026-02-17 11:31:52.546559,user_992@example.com
994,1920,Headphones,-62.09260790607465,completed,2026-02-15 01:02:41.400336,user_993@example.com
995,1449,Laptop,760.84,failed,2026-03-03 08:17:48.818396,user_994@example.com
996,1009,Laptop,756.57,completed,2026-02-03 18:45:25.640136,user_995@example.com
997,1823,Headphones,27.77,failed,2026-02-13 21:58:58.677648,user_996@example.com
998,1797,Desk,-88.96154078195548,completed,2026-02-16 02:26:13.983677,user_997@example.com
999,1241,Chair,663.03,completed,2026-03-03 07:36:04.024863,user_998@example.com
1000,1250,Laptop,170.0,completed,2026-02-28 11:07:31.925657,user_999@example.com